{
    "S2": 4323.5999999999995,
    "S3": 495.0,
    "S3_minus_S2": -3828.5999999999995,
    "count_a_txt": 873,
    "count_b_txt": 97,
    "max_group": [
        7.7,
        1.4,
        5.1,
        8.8,
        2.5,
        6.2,
        9.9,
        3.6,
        7.3
    ],
    "repeated_elements": 773,
    "w1": 4323.599999999998,
    "w1_minus_w2": -4.547473508864641e-12,
    "w2": 4323.600000000002
}